{"cameraMode":{"drawMode":0,"name":"Shaded","section":"Shading Mode"},"sceneLighting":false,"audioPlay":false,"sceneViewState":{"m_AlwaysRefresh":false,"showFog":true,"showSkybox":false,"showFlares":true,"showImageEffects":true,"showParticleSystems":true,"showVisualEffectGraphs":true,"m_FxEnabled":true},"in2DMode":false,"pivot":{"x":0.16141283512115479,"y":1.0682330131530762,"z":0.015512943267822266},"rotation":{"x":0.19817839562892915,"y":-0.0029404950328171255,"z":0.000594537181314081,"w":0.9801605343818665},"size":1.2800017595291138,"orthographic":false}