{"cameraMode":{"drawMode":0,"name":"Shaded","section":"Shading Mode"},"sceneLighting":false,"audioPlay":false,"sceneViewState":{"m_AlwaysRefresh":false,"showFog":true,"showSkybox":false,"showFlares":true,"showImageEffects":true,"showParticleSystems":true,"showVisualEffectGraphs":true,"m_FxEnabled":true},"in2DMode":false,"pivot":{"x":1.7392841577529908,"y":1.2058175802230836,"z":1.4564100503921509},"rotation":{"x":0.24536213278770448,"y":-0.2003772109746933,"z":0.05191243439912796,"w":0.9470747709274292},"size":3.0745632648468019,"orthographic":false}