{"cameraMode":{"drawMode":0,"name":"Shaded","section":"Shading Mode"},"sceneLighting":false,"audioPlay":false,"sceneViewState":{"m_AlwaysRefresh":false,"showFog":true,"showSkybox":false,"showFlares":true,"showImageEffects":true,"showParticleSystems":true,"showVisualEffectGraphs":true,"m_FxEnabled":true},"in2DMode":false,"pivot":{"x":-6.786222457885742,"y":-0.039999961853027347,"z":-21.746475219726564},"rotation":{"x":0.19817839562892915,"y":-0.0029404950328171255,"z":0.000594537181314081,"w":0.9801605343818665},"size":5.926626205444336,"orthographic":false}