{"cameraMode":{"drawMode":0,"name":"Shaded","section":"Shading Mode"},"sceneLighting":false,"audioPlay":false,"sceneViewState":{"m_AlwaysRefresh":false,"showFog":true,"showSkybox":false,"showFlares":true,"showImageEffects":true,"showParticleSystems":true,"showVisualEffectGraphs":true,"m_FxEnabled":true},"in2DMode":false,"pivot":{"x":-19.92763900756836,"y":4.4535064697265629,"z":13.659645080566407},"rotation":{"x":0.19817839562892915,"y":-0.0029404950328171255,"z":0.000594537181314081,"w":0.9801605343818665},"size":25.810571670532228,"orthographic":false}