{"cameraMode":{"drawMode":0,"name":"Shaded","section":"Shading Mode"},"sceneLighting":false,"audioPlay":false,"sceneViewState":{"m_AlwaysRefresh":false,"showFog":true,"showSkybox":false,"showFlares":true,"showImageEffects":true,"showParticleSystems":true,"showVisualEffectGraphs":true,"m_FxEnabled":true},"in2DMode":false,"pivot":{"x":14.640621185302735,"y":0.10000000149011612,"z":-3.774134397506714},"rotation":{"x":0.19817839562892915,"y":-0.0029404950328171255,"z":0.000594537181314081,"w":0.9801605343818665},"size":0.0036997683346271517,"orthographic":false}