{"cameraMode":{"drawMode":0,"name":"Shaded","section":"Shading Mode"},"sceneLighting":false,"audioPlay":false,"sceneViewState":{"m_AlwaysRefresh":false,"showFog":true,"showSkybox":false,"showFlares":true,"showImageEffects":true,"showParticleSystems":true,"showVisualEffectGraphs":true,"m_FxEnabled":true},"in2DMode":false,"pivot":{"x":-6.241607666015625,"y":2.3764567375183107,"z":-43.117469787597659},"rotation":{"x":0.19817839562892915,"y":-0.0029404950328171255,"z":0.000594537181314081,"w":0.9801605343818665},"size":6.233980178833008,"orthographic":false}