{"cameraMode":{"drawMode":0,"name":"Shaded","section":"Shading Mode"},"sceneLighting":false,"audioPlay":false,"sceneViewState":{"m_AlwaysRefresh":false,"showFog":true,"showSkybox":false,"showFlares":true,"showImageEffects":true,"showParticleSystems":true,"showVisualEffectGraphs":true,"m_FxEnabled":true},"in2DMode":false,"pivot":{"x":-0.004453880712389946,"y":-0.0014257170259952546,"z":-0.0019973621238023044},"rotation":{"x":0.1267433911561966,"y":-0.6709126830101013,"z":0.11793141812086106,"w":0.721044659614563},"size":4.006411552429199,"orthographic":false}